,BPM,Genre,Label,Song_name,Key,Artists,Length,Song_file,Length_minutes,Min_or_Maj
0,132,Trance,Coldharbour, Viola (Elevation Extended Remix).mp3,8A , Moogwai ,407.0,8A - 132 - Moogwai - Viola (Elevation Extended Remix).mp3,6.783333333333333,Min
1,132,Trance,Coldharbour, Searching (Daxson Extended Remix).mp3,9A , Markus Schulz Presents Dakota ,410.0,9A - 132 - Markus Schulz Presents Dakota - Searching (Daxson Extended Remix).mp3,6.833333333333333,Min
2,128,Trance,Coldharbour, Opera of Northern Ocean (Nifra Extended Remix).mp3,3A , Rex Mundi ,367.0,3A - 128 - Rex Mundi - Opera of Northern Ocean (Nifra Extended Remix).mp3,6.116666666666666,Min
3,134,Trance,Coldharbour, Fire Which Burns Us All (Extended Mix).mp3,5A , Driftmoon & Robert Nickson Present Astrosphere ,395.0,5A - 134 - Driftmoon & Robert Nickson Present Astrosphere - Fire Which Burns Us All (Extended Mix).mp3,6.583333333333333,Min
4,131,Trance,Coldharbour, Edge of Time (Artento Divini Extended Mix).mp3,5A , Nifra Feat Seri ,353.0,5A - 131 - Nifra Feat Seri - Edge of Time (Artento Divini Extended Mix).mp3,5.883333333333334,Min
5,128,Trance,Coldharbour, Future Sight (Extended Mix).mp3,6A , Dark Matter ,525.0,6A - 128 - Dark Matter - Future Sight (Extended Mix).mp3,8.75,Min
6,132,Trance,Coldharbour, Industry (Extended Mix).mp3,3A , Arkham Knights ,378.0,3A - 132 - Arkham Knights - Industry (Extended Mix).mp3,6.3,Min
7,130,Trance,Coldharbour, Bexley Square (Extended Mix).mp3,7A , Daxson ,301.0,7A - 130 - Daxson - Bexley Square (Extended Mix).mp3,5.016666666666667,Min
8,132,Trance,Coldharbour, Lethal (Extended mix).mp3,6A , Dave Neven ,400.0,6A - 132 - Dave Neven - Lethal (Extended mix).mp3,6.666666666666667,Min
9,124,Trance,Coldharbour, Right In the Night (Soundland Remix).mp3,5A , Jam El Mar Feat Adina Butar,239.0,5A - 124 - Jam El Mar Feat Adina Butar- Right In the Night (Soundland Remix).mp3,3.9833333333333334,Min
10,130,Trance,Coldharbour, First Light (Extended Mix).mp3,10A , Arkham Knights ,457.0,10A - 130 - Arkham Knights - First Light (Extended Mix).mp3,7.616666666666666,Min
11,128,Trance,Coldharbour, Calling for Love (Pavel Khvaleev Extended Remix).mp3,1A , Markus Schulz Feat JES ,420.0,1A - 128 - Markus Schulz Feat JES - Calling for Love (Pavel Khvaleev Extended Remix).mp3,7.0,Min
12,130,Trance,Coldharbour, Memoria (Extended Mix).mp3,8A , Dennis Sheperd & Bjorn Akesson ,465.0,8A - 130 - Dennis Sheperd & Bjorn Akesson - Memoria (Extended Mix).mp3,7.75,Min
13,130,Trance,Coldharbour, Fall From Innocence (Extended Mix).mp3,8A , Arkham Knights ,470.0,8A - 130 - Arkham Knights - Fall From Innocence (Extended Mix).mp3,7.833333333333333,Min
14,130,Trance,Coldharbour,  The Drill (Extended Mix).mp3,8A , Danilo Ercole ,393.0,8A - 130 - Danilo Ercole -  The Drill (Extended Mix).mp3,6.55,Min
15,128,Trance,Coldharbour, Powerball (Extended Mix).mp3,6A , Nifra & Anske ,367.0,6A - 128 - Nifra & Anske - Powerball (Extended Mix).mp3,6.116666666666666,Min
16,132,Trance,Coldharbour, Into The Fire (Extended Mix).mp3,9A , Arkham Knights ,397.0,9A - 132 - Arkham Knights - Into The Fire (Extended Mix).mp3,6.616666666666666,Min
17,134,Trance,Coldharbour, Calling for Love (Extended Mix).mp3,1A , Markus Schulz Feat JES ,551.0,1A - 134 - Markus Schulz Feat JES - Calling for Love (Extended Mix).mp3,9.183333333333334,Min
18,134,Trance,Coldharbour, Meridian (Extended Mix).mp3,4A , Elevation Presents Elara ,438.0,4A - 134 - Elevation Presents Elara - Meridian (Extended Mix).mp3,7.3,Min
19,131,Trance,Coldharbour, Predator vs Prey  (Extended Mix).mp3,8A , Fisherman ,428.0,8A - 131 - Fisherman - Predator vs Prey  (Extended Mix).mp3,7.133333333333334,Min
20,132,Trance,Coldharbour, You Before Me (Extended Mix 2019).mp3,10A , Hazem Beltagui ,360.0,10A - 132 - Hazem Beltagui - You Before Me (Extended Mix 2019).mp3,6.0,Min
21,134,Trance,Coldharbour, Se7en Seconds Until Transfer (Extended Mix).mp3,10A , Arkham Knights ,436.0,10A - 134 - Arkham Knights - Se7en Seconds Until Transfer (Extended Mix).mp3,7.266666666666667,Min
22,132,Trance,Coldharbour, Oldskool (Extended Mix).mp3,5A , Talla 2XLC Vs Pay & White ,356.0,5A - 132 - Talla 2XLC Vs Pay & White - Oldskool (Extended Mix).mp3,5.933333333333334,Min
23,132,Trance,Coldharbour, Existence (Extended Mix).mp3,8A , Arkham Knights ,508.0,8A - 132 - Arkham Knights - Existence (Extended Mix).mp3,8.466666666666667,Min
24,124,Trance,Coldharbour, Illuminate (Extended Mix).mp3,9B , Dylhen ,465.0,9B - 124 - Dylhen - Illuminate (Extended Mix).mp3,7.75,Maj
25,130,Trance,Coldharbour, Love Won't End (Extended Mix).mp3,3B , Anske & Victoriya ,395.0,3B - 130 - Anske & Victoriya - Love Won't End (Extended Mix).mp3,6.583333333333333,Maj
26,135,Trance,Coldharbour, Secret Journey (Extended Mix).mp3,8B , Claus Backslash ,441.0,8B - 135 - Claus Backslash - Secret Journey (Extended Mix).mp3,7.35,Maj
27,135,Trance,Coldharbour, The Spirit Of The Warrior (Davey Asprey Extended Remix).mp3,8A , Markus Schulz Presents Dakota ,357.0,8A - 135 - Markus Schulz Presents Dakota - The Spirit Of The Warrior (Davey Asprey Extended Remix).mp3,5.95,Min
28,132,Trance,Coldharbour, Meraki (Extended Mix).mp3,10A , Dave Neven ,451.0,10A - 132 - Dave Neven - Meraki (Extended Mix).mp3,7.516666666666667,Min
29,130,Trance,Coldharbour, Calling for Love (Marcus Santoro Extended Remix).mp3,1A , Markus Schulz Feat JES ,357.0,1A - 130 - Markus Schulz Feat JES - Calling for Love (Marcus Santoro Extended Remix).mp3,5.95,Min
30,128,Trance,Coldharbour, Travelling (Club Mix).mp3,8A , Dave Neven Presents Ocata ,414.0,8A - 128 - Dave Neven Presents Ocata - Travelling (Club Mix).mp3,6.9,Min
31,130,Trance,Coldharbour, In Search Of Something Better (Anske Extended Remix).mp3,3A , Markus Schulz Presents Dakota ,380.0,3A - 130 - Markus Schulz Presents Dakota - In Search Of Something Better (Anske Extended Remix).mp3,6.333333333333333,Min
32,134,Trance,Coldharbour, Blackcard (Extended Mix).mp3,4A , Daxson ,365.0,4A - 134 - Daxson - Blackcard (Extended Mix).mp3,6.083333333333333,Min
33,130,Trance,Coldharbour, Amigos (Extended Mix).mp3,6A , Dennis Sheperd & Dim3nsion ,382.0,6A - 130 - Dennis Sheperd & Dim3nsion - Amigos (Extended Mix).mp3,6.366666666666666,Min
34,131,Trance,Coldharbour, The Jaguar (Extended Mix).mp3,11A , Fisherman ,476.0,11A - 131 - Fisherman - The Jaguar (Extended Mix).mp3,7.933333333333334,Min
35,135,Trance,Coldharbour, Wild Dream (Extended Mix).mp3,2A , Andy Moor Feat Adina Butar ,350.0,2A - 135 - Andy Moor Feat Adina Butar - Wild Dream (Extended Mix).mp3,5.833333333333333,Min
36,132,Trance,Coldharbour, Commando (Extended Mix).mp3,6A , Yoel Lewis,317.0,6A - 132 - Yoel Lewis- Commando (Extended Mix).mp3,5.283333333333333,Min
37,130,Trance,Coldharbour, Pushing Up (Arkham Knights Dark Path Remix).mp3,7A , Solid Stone Feat Jennifer Rene ,517.0,7A - 130 - Solid Stone Feat Jennifer Rene - Pushing Up (Arkham Knights Dark Path Remix).mp3,8.616666666666667,Min
38,126,Trance,Coldharbour, Calling for Love (Hazem Beltagui Extended Remix).mp3,1A , Markus Schulz Feat JES ,441.0,1A - 126 - Markus Schulz Feat JES - Calling for Love (Hazem Beltagui Extended Remix).mp3,7.35,Min
39,124,Trance,Coldharbour, Brouhaha (Extended Mix).mp3,4A , Dylhen ,503.0,4A - 124 - Dylhen - Brouhaha (Extended Mix).mp3,8.383333333333333,Min
40,132,Trance,Coldharbour, Try For Me (Extended Mix).mp3,8A , Dave Neven & Ellie White ,458.0,8A - 132 - Dave Neven & Ellie White - Try For Me (Extended Mix).mp3,7.633333333333334,Min
41,134,Trance,Coldharbour, Mangrove (Extended Mix).mp3,2A , Artento Divini ,322.0,2A - 134 - Artento Divini - Mangrove (Extended Mix).mp3,5.366666666666666,Min
42,130,Trance,Coldharbour,  The Light in You (Extended Mix).mp3,3A , Anske ,421.0,3A - 130 - Anske -  The Light in You (Extended Mix).mp3,7.016666666666667,Min
43,130,Trance,Coldharbour, Renaissance (Extended Mix).mp3,6A , Arkham Knights ,531.0,6A - 130 - Arkham Knights - Renaissance (Extended Mix).mp3,8.85,Min
44,132,Trance,Coldharbour, Another Dimension (Extended Mix).mp3,6A , Arkham Knights ,445.0,6A - 132 - Arkham Knights - Another Dimension (Extended Mix).mp3,7.416666666666667,Min
45,130,Trance,Coldharbour, The Awakening (Extended Mix).mp3,11B , Markus Schulz ,483.0,11B - 130 - Markus Schulz - The Awakening (Extended Mix).mp3,8.05,Maj
46,138,Trance,Coldharbour, Calling for Love (DRYM Extended Remix).mp3,1A , Markus Schulz Feat JES ,351.0,1A - 138 - Markus Schulz Feat JES - Calling for Love (DRYM Extended Remix).mp3,5.85,Min
47,134,Trance,Coldharbour, Belief (Extended Mix).mp3,4A , Radion6 & Artento Divini ,379.0,4A - 134 - Radion6 & Artento Divini - Belief (Extended Mix).mp3,6.316666666666666,Min
48,134,Trance,Coldharbour, The Spirit Of The Warrior (Jordan Suckley Extended Remix).mp3,8A , Markus Schulz Presents Dakota ,379.0,8A - 134 - Markus Schulz Presents Dakota - The Spirit Of The Warrior (Jordan Suckley Extended Remix).mp3,6.316666666666666,Min
49,135,Trance,Coldharbour, Right in the Night (Extended Mix).mp3,5A , Jam El Mar Feat Adina Butar,330.0,5A - 135 - Jam El Mar Feat Adina Butar- Right in the Night (Extended Mix).mp3,5.5,Min
50,124,Trance,Coldharbour, Sanctuary (Extended Mix).mp3,7A , Dylhen ,462.0,7A - 124 - Dylhen - Sanctuary (Extended Mix).mp3,7.7,Min
51,123,Trance,Coldharbour, Traveling (Dave Neven's Extended In Search Of Sunrise Mix).mp3,8A , Dave Neven Presents Ocata ,521.0,8A - 123 - Dave Neven Presents Ocata - Traveling (Dave Neven's Extended In Search Of Sunrise Mix).mp3,8.683333333333334,Min
52,132,Trance,Coldharbour, Safe from Harm (Markus Schulz In Bloom Extended Mix).mp3,7A , Markus Schulz Feat Emma Hewitt ,443.0,7A - 132 - Markus Schulz Feat Emma Hewitt - Safe from Harm (Markus Schulz In Bloom Extended Mix).mp3,7.383333333333334,Min
53,138,Trance,Coldharbour, Safe from Harm (Giuseppe Ottaviani Extended Remix).mp3,7A , Markus Schulz Feat Emma Hewitt ,420.0,7A - 138 - Markus Schulz Feat Emma Hewitt - Safe from Harm (Giuseppe Ottaviani Extended Remix).mp3,7.0,Min
54,125,Trance,Coldharbour, Safe from Harm (Dylhen Extended Remix).mp3,7A , Markus Schulz Feat Emma Hewitt ,451.0,7A - 125 - Markus Schulz Feat Emma Hewitt - Safe from Harm (Dylhen Extended Remix).mp3,7.516666666666667,Min
55,122,Trance,Coldharbour, Drift (Extended Mix).mp3,7B , Dylhen ,452.0,7B - 122 - Dylhen - Drift (Extended Mix).mp3,7.533333333333333,Maj
56,131,Trance,Coldharbour, Spectral Semblance (Extended Mix).mp3,7A , Jam El Mar,497.0,7A - 131 - Jam El Mar- Spectral Semblance (Extended Mix).mp3,8.283333333333333,Min
57,131,Trance,Coldharbour, The Mission (Extended Mix).mp3,11A , Fisherman ,439.0,11A - 131 - Fisherman - The Mission (Extended Mix).mp3,7.316666666666666,Min
58,140,Trance,Coldharbour, Viola (Driftmoon & Robert Nickson Present Astrosphere Extended Remix).mp3,8A , Moogwai ,637.0,8A - 140 - Moogwai - Viola (Driftmoon & Robert Nickson Present Astrosphere Extended Remix).mp3,10.616666666666667,Min
59,138,Trance,FSOE, Paralyzed (A & Z Remix).mp3,6A , Aly & Fila Feat Haliene ,420.0,6A - 138 - Aly & Fila Feat Haliene - Paralyzed (A & Z Remix).mp3,7.0,Min
60,138,Trance,FSOE, StarForm (Extended Mix).mp3,1A , Activa & Lostly ,456.0,1A - 138 - Activa & Lostly - StarForm (Extended Mix).mp3,7.6,Min
61,138,Trance,FSOE, Rebirth (Ahmed Romel Extended Remix).mp3,5A , Aly & Fila ,549.0,5A - 138 - Aly & Fila - Rebirth (Ahmed Romel Extended Remix).mp3,9.15,Min
62,140,Trance,FSOE, On The Inside (Extended Mix).mp3,5A , Hazem Beltagui & Renny Carroll ,521.0,5A - 140 - Hazem Beltagui & Renny Carroll - On The Inside (Extended Mix).mp3,8.683333333333334,Min
63,138,Trance,FSOE, Airflow (Extended Mix).mp3,3A , Stoneface & Terminal ,486.0,3A - 138 - Stoneface & Terminal - Airflow (Extended Mix).mp3,8.1,Min
64,138,Trance,FSOE, Infinito (Extended Mix).mp3,8B , Alessandra Roncone ,417.0,8B - 138 - Alessandra Roncone - Infinito (Extended Mix).mp3,6.95,Maj
65,138,Trance,FSOE, Moving Souls (Extended Mix).mp3,7A , Misja Helsloot Vs XiJaro Pitch ,473.0,7A - 138 - Misja Helsloot Vs XiJaro Pitch - Moving Souls (Extended Mix).mp3,7.883333333333334,Min
66,138,Trance,FSOE, When Heroes Fall (Extended Mix).mp3,11A , Driftmoon Feat Eller ,452.0,11A - 138 - Driftmoon Feat Eller - When Heroes Fall (Extended Mix).mp3,7.533333333333333,Min
67,138,Trance,FSOE, For The One You Love (Extended Mix).mp3,7A , Roger Shah & RAM Feat Natalie Gioia ,448.0,7A - 138 - Roger Shah & RAM Feat Natalie Gioia - For The One You Love (Extended Mix).mp3,7.466666666666667,Min
68,135,Trance,FSOE, Reflection (Original Mix).mp3,8A , Andy Moor & Alex Ryan ,453.0,8A - 135 - Andy Moor & Alex Ryan - Reflection (Original Mix).mp3,7.55,Min
69,138,Trance,FSOE, A Different Part Of Me (Extended Mix).mp3,8A , Roger Shah Feat Suzie Ledge ,480.0,8A - 138 - Roger Shah Feat Suzie Ledge - A Different Part Of Me (Extended Mix).mp3,8.0,Min
70,138,Trance,FSOE, Easy Way Out (Extended Mix).mp3,10A , Solis &  Sean Truby with Cari ,393.0,10A - 138 - Solis &  Sean Truby with Cari - Easy Way Out (Extended Mix).mp3,6.55,Min
71,138,Trance,FSOE, Serenity (Extended Mix).mp3,11B , Alessandra Roncone ,354.0,11B - 138 - Alessandra Roncone - Serenity (Extended Mix).mp3,5.9,Maj
72,137,Trance,FSOE, Camellia (Ciaran McAuley Extended Remix).mp3,6A , Aly & Fila Vs Ferry Corsten ,412.0,6A - 137 - Aly & Fila Vs Ferry Corsten - Camellia (Ciaran McAuley Extended Remix).mp3,6.866666666666666,Min
73,138,Trance,FSOE, Typhoon (Extended Mix).mp3,7A , Ahmed Romel & Allen Watts ,470.0,7A - 138 - Ahmed Romel & Allen Watts - Typhoon (Extended Mix).mp3,7.833333333333333,Min
74,138,Trance,FSOE, The Vision (Extended Mix).mp3,5A , Niko Zografos Feat Crystal Blakk ,450.0,5A - 138 - Niko Zografos Feat Crystal Blakk - The Vision (Extended Mix).mp3,7.5,Min
75,138,Trance,FSOE, A Different Part Of Me (Suncatcher Remix).mp3,8A , Roger Shah Susie Ledge ,462.0,8A - 138 - Roger Shah Susie Ledge - A Different Part Of Me (Suncatcher Remix).mp3,7.7,Min
76,139,Trance,FSOE, Sweet Melody (Extended Mix).mp3,7B , Sean Mathews ,480.0,7B - 139 - Sean Mathews - Sweet Melody (Extended Mix).mp3,8.0,Maj
77,140,Trance,FSOE, The New World (Extended Mix).mp3,11A , Jak Aggas ,399.0,11A - 140 - Jak Aggas - The New World (Extended Mix).mp3,6.65,Min
78,138,Trance,FSOE, Shoreline (Extended Mix).mp3,11A , Solis & Sean Truby ,367.0,11A - 138 - Solis & Sean Truby - Shoreline (Extended Mix).mp3,6.116666666666666,Min
79,140,Trance,FSOE, Inertia (Extended Mix).mp3,9A , Darren Porter,363.0,9A - 140 - Darren Porter- Inertia (Extended Mix).mp3,6.05,Min
80,138,Trance,FSOE, Digital Voices (Extended Mix).mp3,4A , Arctic Moon ,488.0,4A - 138 - Arctic Moon - Digital Voices (Extended Mix).mp3,8.133333333333333,Min
81,140,Trance,FSOE, A World Beyond (Extended Mix).mp3,4A , Aly & Fila With Philippe El Sisi & Omar Sherif ,532.0,4A - 140 - Aly & Fila With Philippe El Sisi & Omar Sherif - A World Beyond (Extended Mix).mp3,8.866666666666667,Min
82,138,Trance,FSOE, Test Of Time (Extended Mix).mp3,2A , Paul Denton ,469.0,2A - 138 - Paul Denton - Test Of Time (Extended Mix).mp3,7.816666666666666,Min
83,137,Trance,FSOE, Goldeneye (Extended Mix).mp3,8A , James Dymond ,412.0,8A - 137 - James Dymond - Goldeneye (Extended Mix).mp3,6.866666666666666,Min
84,140,Trance,FSOE, Till The Sunrise (Extended Mix).mp3,1A , Giuseppe Ottaviani ,416.0,1A - 140 - Giuseppe Ottaviani - Till The Sunrise (Extended Mix).mp3,6.933333333333334,Min
85,140,Trance,FSOE, Push Through (Extended Mix).mp3,5A , Fady & Mina Feat Leolani ,490.0,5A - 140 - Fady & Mina Feat Leolani - Push Through (Extended Mix).mp3,8.166666666666666,Min
86,140,Trance,FSOE, Temptation (Extended Mix).mp3,7B , Madwave ,438.0,7B - 140 - Madwave - Temptation (Extended Mix).mp3,7.3,Maj
87,138,Trance,FSOE, Beyond The Truth (Original Mix).mp3,2B , Alan Morris ,354.0,2B - 138 - Alan Morris - Beyond The Truth (Original Mix).mp3,5.9,Maj
88,138,Trance,FSOE, Strangers Like Me (Extended Mix).mp3,6A , Jak Aggas ,430.0,6A - 138 - Jak Aggas - Strangers Like Me (Extended Mix).mp3,7.166666666666667,Min
89,140,Trance,FSOE, Back Home (Fady & Mina Vs Omar Sherif Remix).mp3,11A , Hazem Beltagui & Adara ,530.0,11A - 140 - Hazem Beltagui & Adara - Back Home (Fady & Mina Vs Omar Sherif Remix).mp3,8.833333333333334,Min
90,140,Trance,FSOE, Rosa (Extended Mix).mp3,5A , Andrea Ribeca ,416.0,5A - 140 - Andrea Ribeca - Rosa (Extended Mix).mp3,6.933333333333334,Min
91,138,Trance,FSOE, Elysium (Extended Mix).mp3,9A , Alan Morris & Martin Drake ,455.0,9A - 138 - Alan Morris & Martin Drake - Elysium (Extended Mix).mp3,7.583333333333333,Min
92,140,Trance,FSOE, Afterglow (Extended Mix).mp3,4A , Paul Denton ,466.0,4A - 140 - Paul Denton - Afterglow (Extended Mix).mp3,7.766666666666667,Min
93,138,Trance,FSOE, Sea Of Sounds (Extended Mix).mp3,5A , Ahmed Romel ,542.0,5A - 138 - Ahmed Romel - Sea Of Sounds (Extended Mix).mp3,9.033333333333333,Min
94,138,Trance,FSOE, Hold Your Head Up High (Aly & Fila Extended Remix).mp3,10A , Roger Shah & Aisling Jarvis ,516.0,10A - 138 - Roger Shah & Aisling Jarvis - Hold Your Head Up High (Aly & Fila Extended Remix).mp3,8.6,Min
95,138,Trance,FSOE, Miracle (Original Mix).mp3,3A , Madwave & Exouler ,504.0,3A - 138 - Madwave & Exouler - Miracle (Original Mix).mp3,8.4,Min
96,138,Trance,FSOE, Deadline (Extended Mix).mp3,8A , Sneijder & James Dymond ,426.0,8A - 138 - Sneijder & James Dymond - Deadline (Extended Mix).mp3,7.1,Min
97,140,Trance,FSOE, Echoes In Oslo (Extended Mix).mp3,8A , Lostly ,365.0,8A - 140 - Lostly - Echoes In Oslo (Extended Mix).mp3,6.083333333333333,Min
98,140,Trance,FSOE, Whiplash (Alessandra Roncone Extended Remix).mp3,8A , Darren Porter ,404.0,8A - 140 - Darren Porter - Whiplash (Alessandra Roncone Extended Remix).mp3,6.733333333333333,Min
99,140,Trance,FSOE, Surrender (Giuseppe Ottaviani Extended Remix).mp3,3B , Aly & Fila With Sue McLaren ,396.0,3B - 140 - Aly & Fila With Sue McLaren - Surrender (Giuseppe Ottaviani Extended Remix).mp3,6.6,Maj
100,140,Trance,FSOE, You & I (Extended Club Mix).mp3,6B , Aly & Fila with Emma Hewitt ,473.0,6B - 140 - Aly & Fila with Emma Hewitt - You & I (Extended Club Mix).mp3,7.883333333333334,Maj
101,137,Trance,FSOE, Revolver (Extended Mix).mp3,11A , Activa ,428.0,11A - 137 - Activa - Revolver (Extended Mix).mp3,7.133333333333334,Min
102,138,Trance,FSOE, Waterfall (Extended Mix).mp3,3A , Scott Bond & Charlie Walker Feat Marcella Woods ,525.0,3A - 138 - Scott Bond & Charlie Walker Feat Marcella Woods - Waterfall (Extended Mix).mp3,8.75,Min
103,138,Trance,FSOE, Leave It All Behind (Extended Mix).mp3,12B , Factor B ,483.0,12B - 138 - Factor B - Leave It All Behind (Extended Mix).mp3,8.05,Maj
104,138,Trance,FSOE, Stay (Extended Mix).mp3,1A , James Dymond ,400.0,1A - 138 - James Dymond - Stay (Extended Mix).mp3,6.666666666666667,Min
105,136,Trance,FSOE, Graceful (Extended Mix).mp3,3A , M.I.K.E. Push ,423.0,3A - 136 - M.I.K.E. Push - Graceful (Extended Mix).mp3,7.05,Min
106,140,Trance,FSOE, Storm (Extended Mix).mp3,1A , Sean Tyas Vs Metta & Glyde ,478.0,1A - 140 - Sean Tyas Vs Metta & Glyde - Storm (Extended Mix).mp3,7.966666666666667,Min
107,140,Trance,FSOE, Twilo (Extended Mix).mp3,3A , Sean Tyas ,473.0,3A - 140 - Sean Tyas - Twilo (Extended Mix).mp3,7.883333333333334,Min
108,138,Trance,FSOE, Suenos Argentinos (Extended Mix).mp3,8A , Omar Sherif ,419.0,8A - 138 - Omar Sherif - Suenos Argentinos (Extended Mix).mp3,6.983333333333333,Min
109,138,Trance,FSOE, How Will I Know (Extended Club Mix).mp3,4A , The Thrillseekers Feat Stine Grove ,490.0,4A - 138 - The Thrillseekers Feat Stine Grove - How Will I Know (Extended Club Mix).mp3,8.166666666666666,Min
110,138,Trance,FSOE, In Your Memory (Lostly Extended Remix).mp3,10A , Aly & Fila ,433.0,10A - 138 - Aly & Fila - In Your Memory (Lostly Extended Remix).mp3,7.216666666666667,Min
111,138,Trance,FSOE, The Paradox (Extended Mix).mp3,9B , Hazem Beltagui ,464.0,9B - 138 - Hazem Beltagui - The Paradox (Extended Mix).mp3,7.733333333333333,Maj
112,140,Trance,FSOE, Feel Your Dream (Extended Mix).mp3,4B , Liam Wilson ,392.0,4B - 140 - Liam Wilson - Feel Your Dream (Extended Mix).mp3,6.533333333333333,Maj
113,140,Trance,FSOE, Vulcan (Extended Mix).mp3,10A , A & Z ,446.0,10A - 140 - A & Z - Vulcan (Extended Mix).mp3,7.433333333333334,Min
114,136,Trance,FSOE, Maybe It's You (Extended Club Mix).mp3,2B , Hazem Beltagui Feat Avenue One Jaren ,451.0,2B - 136 - Hazem Beltagui Feat Avenue One Jaren - Maybe It's You (Extended Club Mix).mp3,7.516666666666667,Maj
115,140,Trance,FSOE, Avenoir (Niko Zografos Extended Remix).mp3,12A , Monoverse ,415.0,12A - 140 - Monoverse - Avenoir (Niko Zografos Extended Remix).mp3,6.916666666666667,Min
116,138,Trance,FSOE, White Rooms (Extended Mix).mp3,5A , Factor B ,508.0,5A - 138 - Factor B - White Rooms (Extended Mix).mp3,8.466666666666667,Min
117,139,Trance,FSOE, 20 Stories (Original Mix).mp3,2A , Liam Wilson ,419.0,2A - 139 - Liam Wilson - 20 Stories (Original Mix).mp3,6.983333333333333,Min
118,138,Trance,FSOE, Serenity (Extended Mix).mp3,9B , Ciaran McAuley Meets Azam Ali & Jeff Rona ,380.0,9B - 138 - Ciaran McAuley Meets Azam Ali & Jeff Rona - Serenity (Extended Mix).mp3,6.333333333333333,Maj
119,140,Trance,FSOE, Till We Meet Again (Extended Mix).mp3,1A , Philippe El Sisi & Ahmed Romel ,390.0,1A - 140 - Philippe El Sisi & Ahmed Romel - Till We Meet Again (Extended Mix).mp3,6.5,Min
120,139,Trance,FSOE, Return To Reality (Extended Mix).mp3,7A , Liam Wilson ,448.0,7A - 139 - Liam Wilson - Return To Reality (Extended Mix).mp3,7.466666666666667,Min
121,138,Trance,FSOE, Black Mirror (Extended Mix).mp3,6A , James Dymond,391.0,6A - 138 - James Dymond- Black Mirror (Extended Mix).mp3,6.516666666666667,Min
122,140,Trance,FSOE,  Symbols (Extended Mix).mp3,4A , A & Z ,390.0,4A - 140 - A & Z -  Symbols (Extended Mix).mp3,6.5,Min
123,136,Trance,FSOE, Transcendence (Extended Mix).mp3,1B , Darren Porter & Alessandra Roncone ,595.0,1B - 136 - Darren Porter & Alessandra Roncone - Transcendence (Extended Mix).mp3,9.916666666666666,Maj
124,136,Trance,FSOE, Need You There (Extended Club Mix).mp3,8A , Stoneface & Terminal ,489.0,8A - 136 - Stoneface & Terminal - Need You There (Extended Club Mix).mp3,8.15,Min
125,136,Trance,FSOE, Never Fade Away Benthe (Extended Mix).mp3,7B , Ciaran McAuley ,445.0,7B - 136 - Ciaran McAuley - Never Fade Away Benthe (Extended Mix).mp3,7.416666666666667,Maj
126,138,Trance,FSOE, Reminds Me Of You (Extended Mix).mp3,1A , Alan Morris ,370.0,1A - 138 - Alan Morris - Reminds Me Of You (Extended Mix).mp3,6.166666666666667,Min
127,140,Trance,FSOE, Surrender (Extended Mix).mp3,3A , Aly & Fila with Sue McLaren ,449.0,3A - 140 - Aly & Fila with Sue McLaren - Surrender (Extended Mix).mp3,7.483333333333333,Min
128,138,Trance,FSOE, The Next Abyss (Extended Mix).mp3,1A , M.I.K.E. Push ,422.0,1A - 138 - M.I.K.E. Push - The Next Abyss (Extended Mix).mp3,7.033333333333333,Min
129,140,Trance,FSOE, Awakening (Stoneface & Terminal Remix).mp3,12B , Aly & Fila ,564.0,12B - 140 - Aly & Fila - Awakening (Stoneface & Terminal Remix).mp3,9.4,Maj
130,138,Trance,FSOE, Live For Tomorrow (Extended Mix).mp3,1A , Ferry Tayle & Betsie Larkin ,521.0,1A - 138 - Ferry Tayle & Betsie Larkin - Live For Tomorrow (Extended Mix).mp3,8.683333333333334,Min
131,140,Trance,FSOE, Breathe Us To Life (Fady & Mina Remix).mp3,7A , Aly & Fila with HALIENE ,496.0,7A - 140 - Aly & Fila with HALIENE - Breathe Us To Life (Fady & Mina Remix).mp3,8.266666666666667,Min
132,136,Trance,FSOE, Camellia (Extended Mix).mp3,6A , Aly & Fila Vs Ferry Corsten ,402.0,6A - 136 - Aly & Fila Vs Ferry Corsten - Camellia (Extended Mix).mp3,6.7,Min
133,138,Trance,FSOE,  Porto Katsiki (Extended Mix).mp3,8A , Niko Zografos ,406.0,8A - 138 - Niko Zografos -  Porto Katsiki (Extended Mix).mp3,6.766666666666667,Min
134,140,Trance,FSOE, Mesmerized (Extended Mix).mp3,3B , A & Z ,449.0,3B - 140 - A & Z - Mesmerized (Extended Mix).mp3,7.483333333333333,Maj
135,138,Trance,WAO138, Africa (Extended Mix).mp3,6A , RAM ,380.0,6A - 138 - RAM - Africa (Extended Mix).mp3,6.333333333333333,Min
136,138,Trance,WAO138, Gladiator (Extended Mix).mp3,3A , RAM & Exis ,358.0,3A - 138 - RAM & Exis - Gladiator (Extended Mix).mp3,5.966666666666667,Min
137,138,Trance,WAO138, The Sound Of E (Jorn van Deynhoven Remix).mp3,3A , Ultra Shock ,401.0,3A - 138 - Ultra Shock - The Sound Of E (Jorn van Deynhoven Remix).mp3,6.683333333333334,Min
138,138,Trance,WAO138, Bengaluru (Extended Mix).mp3,4A , Artento Divini Feat Ankit Sharda ,372.0,4A - 138 - Artento Divini Feat Ankit Sharda - Bengaluru (Extended Mix).mp3,6.2,Min
139,139,Trance,WAO138, Junglerok (Extended Mix).mp3,4A , Dimibo ,382.0,4A - 139 - Dimibo - Junglerok (Extended Mix).mp3,6.366666666666666,Min
140,140,Trance,WAO138, Venom (Extended Mix).mp3,8A , Chris Schweizer & Heatbeat ,346.0,8A - 140 - Chris Schweizer & Heatbeat - Venom (Extended Mix).mp3,5.766666666666667,Min
141,139,Trance,WAO138, Home (Factor B's Back to The Future Extended Remix).mp3,10A , Chakra ,485.0,10A - 139 - Chakra - Home (Factor B's Back to The Future Extended Remix).mp3,8.083333333333334,Min
142,138,Trance,WAO138, Inferno (Extended Mix).mp3,3A , Allen Watts ,353.0,3A - 138 - Allen Watts - Inferno (Extended Mix).mp3,5.883333333333334,Min
143,138,Trance,WAO138, Equinox (Extended Mix).mp3,6A , Allen Watts & Talla 2xlc ,354.0,6A - 138 - Allen Watts & Talla 2xlc - Equinox (Extended Mix).mp3,5.9,Min
144,140,Trance,WAO138, Drive Away (Extended Mix).mp3,6A , The Cracken ,372.0,6A - 140 - The Cracken - Drive Away (Extended Mix).mp3,6.2,Min
145,138,Trance,WAO138, Voodoo (Extended Mix).mp3,4A , DRYM ,313.0,4A - 138 - DRYM - Voodoo (Extended Mix).mp3,5.216666666666667,Min
146,138,Trance,WAO138, Elusion (Extended Mix).mp3,3A , 2nd Phase ,393.0,3A - 138 - 2nd Phase - Elusion (Extended Mix).mp3,6.55,Min
147,138,Trance,WAO138, Blurred (Extended Mix).mp3,3A , Will Rees ,452.0,3A - 138 - Will Rees - Blurred (Extended Mix).mp3,7.533333333333333,Min
148,138,Trance,WAO138, Children Of The Masai (Extended Mix).mp3,4A , First State & Shinovi ,292.0,4A - 138 - First State & Shinovi - Children Of The Masai (Extended Mix).mp3,4.866666666666666,Min
149,138,Trance,WAO138, Signals (Extended Mix).mp3,9A , Chris Schweizer & Indecent Noise ,340.0,9A - 138 - Chris Schweizer & Indecent Noise - Signals (Extended Mix).mp3,5.666666666666667,Min
150,138,Trance,WAO138, We Control The Sunlight (Extended Mix).mp3,12A , Aly & Fila Feat Jwaydan ,423.0,12A - 138 - Aly & Fila Feat Jwaydan - We Control The Sunlight (Extended Mix).mp3,7.05,Min
151,138,Trance,WAO138, C.Y.M (Extended Mix).mp3,12A , Jordan Suckley ,365.0,12A - 138 - Jordan Suckley - C.Y.M (Extended Mix).mp3,6.083333333333333,Min
152,136,Trance,WAO138, Paradox (Extended Mix).mp3,4B , Allen Watts ,362.0,4B - 136 - Allen Watts - Paradox (Extended Mix).mp3,6.033333333333333,Maj
153,138,Trance,WAO138, Kumai (Extended Mix).mp3,9A , Shinovi ,371.0,9A - 138 - Shinovi - Kumai (Extended Mix).mp3,6.183333333333334,Min
154,138,Trance,WAO138, Stay (Sneijder Remix).mp3,5B , Ben Gold & Sivan ,471.0,5B - 138 - Ben Gold & Sivan - Stay (Sneijder Remix).mp3,7.85,Maj
155,138,Trance,WAO138, Fortune Glory (Extended Mix).mp3,11A , Dimibo Feat Ankit Sharda ,365.0,11A - 138 - Dimibo Feat Ankit Sharda - Fortune Glory (Extended Mix).mp3,6.083333333333333,Min
156,142,Trance,WAO138, Retrograde (Extended Mix).mp3,1A , Greg Downey ,432.0,1A - 142 - Greg Downey - Retrograde (Extended Mix).mp3,7.2,Min
157,140,Trance,WAO138, Ascension (Extended Mix).mp3,4A , Chris Schweizer ,363.0,4A - 140 - Chris Schweizer - Ascension (Extended Mix).mp3,6.05,Min
158,138,Trance,WAO138, Midnight (Extended Mix).mp3,6A , Allen Watts ,355.0,6A - 138 - Allen Watts - Midnight (Extended Mix).mp3,5.916666666666667,Min
159,138,Trance,WAO138, Fall for You (Cold Blue Remix).mp3,2A , Simon Patterson Feat Lucy Pullin ,340.0,2A - 138 - Simon Patterson Feat Lucy Pullin - Fall for You (Cold Blue Remix).mp3,5.666666666666667,Min
160,140,Trance,WAO138, Shiba (Extended Mix).mp3,12A , Alchimyst ,401.0,12A - 140 - Alchimyst - Shiba (Extended Mix).mp3,6.683333333333334,Min
161,140,Trance,WAO138, Lost (Will Atkinson Remix).mp3,11A , Sunlounger Feat Zara ,464.0,11A - 140 - Sunlounger Feat Zara - Lost (Will Atkinson Remix).mp3,7.733333333333333,Min
162,138,Trance,WAO138, Citadel (Extended Mix).mp3,11B , Leroy Moreno ,384.0,11B - 138 - Leroy Moreno - Citadel (Extended Mix).mp3,6.4,Maj
163,138,Trance,WAO138, Time & Space (Extended Mix).mp3,4A , Warp Brothers ,313.0,4A - 138 - Warp Brothers - Time & Space (Extended Mix).mp3,5.216666666666667,Min
164,140,Trance,WAO138, Supersaw (Extended Mix).mp3,9A , Heatbeat ,363.0,9A - 140 - Heatbeat - Supersaw (Extended Mix).mp3,6.05,Min
165,138,Trance,WAO138, Deep End (Shinovi Extended Remix).mp3,6A , Standerwick Feat HALIENE ,333.0,6A - 138 - Standerwick Feat HALIENE - Deep End (Shinovi Extended Remix).mp3,5.55,Min
166,138,Trance,WAO138, Divinity (Extended Mix).mp3,6B , Sean Mathews ,395.0,6B - 138 - Sean Mathews - Divinity (Extended Mix).mp3,6.583333333333333,Maj
167,140,Trance,WAO138, About You (Extended Mix).mp3,8A , Arctic Moon ,406.0,8A - 140 - Arctic Moon - About You (Extended Mix).mp3,6.766666666666667,Min
168,138,Trance,WAO138, The Order (Extended Mix).mp3,1A , Chris Schweizer ,354.0,1A - 138 - Chris Schweizer - The Order (Extended Mix).mp3,5.9,Min
169,138,Trance,WAO138, Just A Dream (Extended Mix).mp3,12A , Sunset & Kiran M Sajeev ,412.0,12A - 138 - Sunset & Kiran M Sajeev - Just A Dream (Extended Mix).mp3,6.866666666666666,Min
170,138,Trance,WAO138, Sutra (Extended Mix).mp3,11A , Alchimyst ,398.0,11A - 138 - Alchimyst - Sutra (Extended Mix).mp3,6.633333333333334,Min
171,136,Trance,WAO138, Backstage (Extended Mix).mp3,4A , Radion6 ,333.0,4A - 136 - Radion6 - Backstage (Extended Mix).mp3,5.55,Min
172,140,Trance,WAO138, Damage Control (Extended Mix).mp3,6A , Chris Schweizer ,363.0,6A - 140 - Chris Schweizer - Damage Control (Extended Mix).mp3,6.05,Min
173,136,Trance,WAO138, Meltdown (Extended Mix) .mp3,8A , Simon McCann & Matt Edwards ,408.0,8A - 136 - Simon McCann & Matt Edwards - Meltdown (Extended Mix) .mp3,6.8,Min
174,138,Trance,WAO138, Wearout (Extended Mix).mp3,8A , UCast & Kamelon ,356.0,8A - 138 - UCast & Kamelon - Wearout (Extended Mix).mp3,5.933333333333334,Min
175,138,Trance,WAO138, There Will Be Angels (STANDERWICK Remix).mp3,3A , Ben Gold & Audrey Gallagher ,325.0,3A - 138 - Ben Gold & Audrey Gallagher - There Will Be Angels (STANDERWICK Remix).mp3,5.416666666666667,Min
176,140,Trance,WAO138, Affliction (Extended Mix).mp3,6A , Talla 2xlc ,342.0,6A - 140 - Talla 2xlc - Affliction (Extended Mix).mp3,5.7,Min
177,140,Trance,WAO138, Algorithm (Extended Mix).mp3,6A , Allen Watts ,343.0,6A - 140 - Allen Watts - Algorithm (Extended Mix).mp3,5.716666666666667,Min
178,138,Trance,WAO138, Under The Light (Extended Mix).mp3,9A , Chris Schweizer Feat Roxanne Emery ,427.0,9A - 138 - Chris Schweizer Feat Roxanne Emery - Under The Light (Extended Mix).mp3,7.116666666666666,Min
179,140,Trance,WAO138, Everytime (Sneijder Remix).mp3,8A , Lustral ,472.0,8A - 140 - Lustral - Everytime (Sneijder Remix).mp3,7.866666666666666,Min
180,140,Trance,WAO138, Heaven Will Come (The Noble Six Remix).mp3,8A , The Space Brothers ,478.0,8A - 140 - The Space Brothers - Heaven Will Come (The Noble Six Remix).mp3,7.966666666666667,Min
181,138,Trance,WAO138, Do Or Die (Extended Mix).mp3,4A , Jordan Suckley ,431.0,4A - 138 - Jordan Suckley - Do Or Die (Extended Mix).mp3,7.183333333333334,Min
182,138,Trance,WAO138, Fusion (Extended Mix).mp3,9A , Heaven's Cry ,324.0,9A - 138 - Heaven's Cry - Fusion (Extended Mix).mp3,5.4,Min
183,135,Trance,WAO138, Dogzilla (Alex Di Stefano Extended Mix).mp3,10A , Dogzilla ,462.0,10A - 135 - Dogzilla - Dogzilla (Alex Di Stefano Extended Mix).mp3,7.7,Min
184,138,Trance,WAO138, I've Been Thinking About You (Extended Mix).mp3,9A , STANDERWICK ,290.0,9A - 138 - STANDERWICK - I've Been Thinking About You (Extended Mix).mp3,4.833333333333333,Min
185,136,Trance,WAO138, Resolution (Extended Mix).mp3,9A , Danny Eaton ,393.0,9A - 136 - Danny Eaton - Resolution (Extended Mix).mp3,6.55,Min
186,138,Trance,WAO138, Krishna (Extended Mix).mp3,3A , Steve Dekay ,395.0,3A - 138 - Steve Dekay - Krishna (Extended Mix).mp3,6.583333333333333,Min
187,140,Trance,WAO138, Playing With Fire (Extended Mix).mp3,6A , Jak Aggas ,390.0,6A - 140 - Jak Aggas - Playing With Fire (Extended Mix).mp3,6.5,Min
188,138,Trance,WAO138, By My Side (Craig Connelly Extended Remix).mp3,4A , Bryan Kearney Feat Christina Novelli ,464.0,4A - 138 - Bryan Kearney Feat Christina Novelli - By My Side (Craig Connelly Extended Remix).mp3,7.733333333333333,Min
189,138,Trance,WAO138, Muriqui (Extended Mix).mp3,9A , Shinovi ,326.0,9A - 138 - Shinovi - Muriqui (Extended Mix).mp3,5.433333333333334,Min
190,138,Trance,WAO138, Warrior (Mark Sherry Remix).mp3,8A , Warrior ,467.0,8A - 138 - Warrior - Warrior (Mark Sherry Remix).mp3,7.783333333333333,Min
191,138,Trance,WAO138, This Life (Extended Mix).mp3,3A , Craig Connelly Feat Roxanne Emery ,414.0,3A - 138 - Craig Connelly Feat Roxanne Emery - This Life (Extended Mix).mp3,6.9,Min
192,138,Trance,WAO138, Winter (Solis & Sean Truby Vs Ultimate Extend Remix).mp3,4A , DT8 Project Feat Andrea Britton ,426.0,4A - 138 - DT8 Project Feat Andrea Britton - Winter (Solis & Sean Truby Vs Ultimate Extend Remix).mp3,7.1,Min
193,138,Trance,WAO138, Maia (Extended Mix).mp3,12A , Beatsole & TH3 ONE ,396.0,12A - 138 - Beatsole & TH3 ONE - Maia (Extended Mix).mp3,6.6,Min
194,140,Trance,WAO138, Faces (Indecent Noise Extended Remix).mp3,8A , Andy Moor & Ashley Wallbridge Feat Meighan Nealon ,481.0,8A - 140 - Andy Moor & Ashley Wallbridge Feat Meighan Nealon - Faces (Indecent Noise Extended Remix).mp3,8.016666666666667,Min
195,138,Trance,WAO138, Ethereal (Extended Mix).mp3,8A , DRYM & Omnia ,349.0,8A - 138 - DRYM & Omnia - Ethereal (Extended Mix).mp3,5.816666666666666,Min
196,138,Trance,WAO138, Russian Roulette (Extended Mix).mp3,4A , Jak Aggas ,351.0,4A - 138 - Jak Aggas - Russian Roulette (Extended Mix).mp3,5.85,Min
197,128,Trance,Anjunabeats, Will We Remain (Original Mix).mp3,10A , Ilan Bluestone & Maor Levi Feat El Waves ,450.0,10A - 128 - Ilan Bluestone & Maor Levi Feat El Waves - Will We Remain (Original Mix).mp3,7.5,Min
198,128,Trance,Anjunabeats, Through It All (Original Mix).mp3,5A , Jason Ross Feat Fiora ,326.0,5A - 128 - Jason Ross Feat Fiora - Through It All (Original Mix).mp3,5.433333333333334,Min
199,128,Trance,Anjunabeats, Solina (Original Mix).mp3,11B , Oliver Smith ,405.0,11B - 128 - Oliver Smith - Solina (Original Mix).mp3,6.75,Maj
200,130,Trance,Anjunabeats, I Believe (Extended Mix) .mp3,5A , Ilan Bluestone  Feat Giuseppe De Luca ,411.0,5A - 130 - Ilan Bluestone  Feat Giuseppe De Luca - I Believe (Extended Mix) .mp3,6.85,Min
201,128,Trance,Anjunabeats, Mantis (Extended Mix).mp3,7A , Kyau & Albert Vs Genix ,450.0,7A - 128 - Kyau & Albert Vs Genix - Mantis (Extended Mix).mp3,7.5,Min
202,128,Trance,Anjunabeats, Freefall (Original Mix).mp3,12B , Oliver Smith ,331.0,12B - 128 - Oliver Smith - Freefall (Original Mix).mp3,5.516666666666667,Maj
203,128,Trance,Anjunabeats, January Embers (Oliver Smith Remix).mp3,5A , My Friend feat Lauren Laimant ,420.0,5A - 128 - My Friend feat Lauren Laimant - January Embers (Oliver Smith Remix).mp3,7.0,Min
204,128,Trance,Anjunabeats, Lovingly (Extended Mix).mp3,9A , Oliver Smith Feat Amy J Pryce ,422.0,9A - 128 - Oliver Smith Feat Amy J Pryce - Lovingly (Extended Mix).mp3,7.033333333333333,Min
205,128,Trance,Anjunabeats, UR1 (Extended Mix).mp3,8A , Genix ,315.0,8A - 128 - Genix - UR1 (Extended Mix).mp3,5.25,Min
206,124,Trance,Anjunabeats, I Believe  (PROFF Extended Mix).mp3,5A , Ilan Bluestone Feat Giuseppe de Luca ,387.0,5A - 124 - Ilan Bluestone Feat Giuseppe de Luca - I Believe  (PROFF Extended Mix).mp3,6.45,Min
207,128,Trance,Anjunabeats, Mr H2O (Original Mix).mp3,4A , Genix ,346.0,4A - 128 - Genix - Mr H2O (Original Mix).mp3,5.766666666666667,Min
208,128,Trance,Anjunabeats, Atacama (Extended Mix).mp3,10A , Oliver Smith ,365.0,10A - 128 - Oliver Smith - Atacama (Extended Mix).mp3,6.083333333333333,Min
209,128,Trance,Anjunabeats,  Flat Six (Original Mix).mp3,10A , Nitrous Oxide ,421.0,10A - 128 - Nitrous Oxide -  Flat Six (Original Mix).mp3,7.016666666666667,Min
210,124,Trance,Anjunabeats, Is It Love?  (Gabriel & Dresden Remix).mp3,11A , Above & Beyond ,357.0,11A - 124 - Above & Beyond - Is It Love?  (Gabriel & Dresden Remix).mp3,5.95,Min
211,130,Trance,Anjunabeats, Helsinki Scorchin' (Super8 & Tab 2019 Remix).mp3,8A , Super8 & Tab ,310.0,8A - 130 - Super8 & Tab - Helsinki Scorchin' (Super8 & Tab 2019 Remix).mp3,5.166666666666667,Min
212,126,Trance,Anjunabeats, Cold Feet (Extended Mix).mp3,5A , Above & Beyond Feat Justine Suissa ,395.0,5A - 126 - Above & Beyond Feat Justine Suissa - Cold Feet (Extended Mix).mp3,6.583333333333333,Min
213,128,Trance,Anjunabeats, Never Letting Go (Original Mix).mp3,3B , Audien & ARTY ,232.0,3B - 128 - Audien & ARTY - Never Letting Go (Original Mix).mp3,3.8666666666666667,Maj
214,128,Trance,Anjunabeats, Java (Extended Mix).mp3,9A , Oliver Smith ,432.0,9A - 128 - Oliver Smith - Java (Extended Mix).mp3,7.2,Min
215,128,Trance,Anjunabeats, Over Oceans (Gabriel & Dresden Club Mix).mp3,9A , Gabriel & Dresden Feat Josh Gabriel ,451.0,9A - 128 - Gabriel & Dresden Feat Josh Gabriel - Over Oceans (Gabriel & Dresden Club Mix).mp3,7.516666666666667,Min
216,128,Trance,Anjunabeats, Como (Extended Mix).mp3,4A , Genix ,322.0,4A - 128 - Genix - Como (Extended Mix).mp3,5.366666666666666,Min
217,128,Trance,Anjunabeats, Obsydian (Extended Mix).mp3,9A , Sunny Lax ,352.0,9A - 128 - Sunny Lax - Obsydian (Extended Mix).mp3,5.866666666666666,Min
218,128,Trance,Anjunabeats, So Long (Extended Mix).mp3,7A , Sunny Lax ,376.0,7A - 128 - Sunny Lax - So Long (Extended Mix).mp3,6.266666666666667,Min
219,126,Trance,Anjunabeats, Happiness Amplified (Above & Beyond Club Mix).mp3,3B , Above & Beyond Feat Richard Bedford ,403.0,3B - 126 - Above & Beyond Feat Richard Bedford - Happiness Amplified (Above & Beyond Club Mix).mp3,6.716666666666667,Maj
220,128,Trance,Anjunabeats, Zero (Original Mix).mp3,4A , Oliver Smith & Natalie Holmes ,401.0,4A - 128 - Oliver Smith & Natalie Holmes - Zero (Original Mix).mp3,6.683333333333334,Min
221,128,Trance,Anjunabeats, For Those We Lost (Extended Mix).mp3,6A , Genix ,446.0,6A - 128 - Genix - For Those We Lost (Extended Mix).mp3,7.433333333333334,Min
222,128,Trance,Anjunabeats, Death Valley (Original Mix).mp3,8A , Genix ,332.0,8A - 128 - Genix - Death Valley (Original Mix).mp3,5.533333333333333,Min
223,130,Trance,Anjunabeats, Frozen Ground (Extended Mix).mp3,12A , Ilan Bluestone Feat Giuseppe de Luca ,385.0,12A - 130 - Ilan Bluestone Feat Giuseppe de Luca - Frozen Ground (Extended Mix).mp3,6.416666666666667,Min
224,128,Trance,Anjunabeats, Immortal Lover (In My Next Life Mix).mp3,3A , Andrew Bayer & Alison May ,435.0,3A - 128 - Andrew Bayer & Alison May - Immortal Lover (In My Next Life Mix).mp3,7.25,Min
225,128,Trance,Anjunabeats, Orange Is The New Grey (Original Mix).mp3,8A , Sunny Lax ,359.0,8A - 128 - Sunny Lax - Orange Is The New Grey (Original Mix).mp3,5.983333333333333,Min
226,128,Trance,Anjunabeats, Rival (Extended Mix).mp3,8A , Ilan Bluestone Feat Ellen Smith ,365.0,8A - 128 - Ilan Bluestone Feat Ellen Smith - Rival (Extended Mix).mp3,6.083333333333333,Min
227,128,Trance,Anjunabeats, Higher (Original Mix).mp3,3A , Audien Feat Cecilia Gault ,277.0,3A - 128 - Audien Feat Cecilia Gault - Higher (Original Mix).mp3,4.616666666666666,Min
228,128,Trance,Anjunabeats, In My Last Life (In My Next Life Mix).mp3,10B , Andrew Bayer Feat Alison May ,375.0,10B - 128 - Andrew Bayer Feat Alison May - In My Last Life (In My Next Life Mix).mp3,6.25,Maj
229,128,Trance,Anjunabeats, Awaken (Original Mix) .mp3,1A , Cosmic Gate & Jason Ross ,368.0,1A - 128 - Cosmic Gate & Jason Ross - Awaken (Original Mix) .mp3,6.133333333333334,Min
230,132,Trance,Anjunabeats, Another Lover (Extended Mix).mp3,7B , Ilan Bluestone Feat Koven ,370.0,7B - 132 - Ilan Bluestone Feat Koven - Another Lover (Extended Mix).mp3,6.166666666666667,Maj
231,128,Trance,Anjunabeats, Rival (Rafael Frost Extended Mix).mp3,8A , Ilan Bluestone Feat Ellen Smith ,382.0,8A - 128 - Ilan Bluestone Feat Ellen Smith - Rival (Rafael Frost Extended Mix).mp3,6.366666666666666,Min
232,128,Trance,Anjunabeats, Only Road (Cosmic Gate Remix).mp3,7A , Gabriel & Dresden Feat Sub Teal ,401.0,7A - 128 - Gabriel & Dresden Feat Sub Teal - Only Road (Cosmic Gate Remix).mp3,6.683333333333334,Min
233,128,Trance,Anjunabeats, East Of Eden (Original Mix).mp3,6A , Jason Ross ,318.0,6A - 128 - Jason Ross - East Of Eden (Original Mix).mp3,5.3,Min
234,127,Trance,Anjunabeats, Jupiter (Genix Remix).mp3,1A ,  Gabriel & Dresden ,381.0,1A - 127 -  Gabriel & Dresden - Jupiter (Genix Remix).mp3,6.35,Min
235,128,Trance,Anjunabeats, My Own Hymn (Alpha 9 Remix).mp3,7A , Above & Beyond Feat Zo Johnston ,360.0,7A - 128 - Above & Beyond Feat Zo Johnston - My Own Hymn (Alpha 9 Remix).mp3,6.0,Min
236,132,Trance,Anjunabeats, The Gorge (Extended Mix).mp3,2A , Jason Ross Feat Dimibo ,331.0,2A - 132 - Jason Ross Feat Dimibo - The Gorge (Extended Mix).mp3,5.516666666666667,Min
237,128,Trance,Anjunabeats, Sonar (Original Mix).mp3,2A , Tim Mason ,380.0,2A - 128 - Tim Mason - Sonar (Original Mix).mp3,6.333333333333333,Min
238,132,Trance,Anjunabeats, Blue Angel (Extended Mix).mp3,10A , Ilan Bluestone ,421.0,10A - 132 - Ilan Bluestone - Blue Angel (Extended Mix).mp3,7.016666666666667,Min
239,128,Trance,Anjunabeats, Long Way From Home (Extended Mix).mp3,5A , Above & Beyond & Spencer Brown Feat RBBTS ,382.0,5A - 128 - Above & Beyond & Spencer Brown Feat RBBTS - Long Way From Home (Extended Mix).mp3,6.366666666666666,Min
240,128,Trance,Anjunabeats, I'm Not Like Everybody Else (Farius Remix).mp3,9A , Gabriel & Dresden Feat Sub Teal ,392.0,9A - 128 - Gabriel & Dresden Feat Sub Teal - I'm Not Like Everybody Else (Farius Remix).mp3,6.533333333333333,Min
241,127,Trance,Anjunabeats, Love You More (Andrew Bayer & Genix In My Next Life Mix).mp3,4A , Andrew Bayer Feat Ane Brun ,393.0,4A - 127 - Andrew Bayer Feat Ane Brun - Love You More (Andrew Bayer & Genix In My Next Life Mix).mp3,6.55,Min
242,127,Trance,Anjunabeats, No Going Back (Extended Mix).mp3,4A , Alpha 9 & Spencer Brown ,359.0,4A - 127 - Alpha 9 & Spencer Brown - No Going Back (Extended Mix).mp3,5.983333333333333,Min
243,128,Trance,Anjunabeats, Nyquist (Extended Mix).mp3,3B , Adrian Alexander & The Antipodes ,395.0,3B - 128 - Adrian Alexander & The Antipodes - Nyquist (Extended Mix).mp3,6.583333333333333,Maj
244,128,Trance,Anjunabeats, Many Days (Original Mix).mp3,4A , Jason Ross ,316.0,4A - 128 - Jason Ross - Many Days (Original Mix).mp3,5.266666666666667,Min
245,126,Trance,Anjunabeats, Foundation (Original Mix).mp3,8A , Oliver Smith ,281.0,8A - 126 - Oliver Smith - Foundation (Original Mix).mp3,4.683333333333334,Min
246,128,Trance,Anjunabeats, Always (Above & Beyond Club Mix).mp3,8A , Above & Beyond Feat Zoe Johnston ,488.0,8A - 128 - Above & Beyond Feat Zoe Johnston - Always (Above & Beyond Club Mix).mp3,8.133333333333333,Min
247,124,Trance,Anjunabeats, I Believe (Vintage & Morelli Extended Mix).mp3,5A , Ilan Bluestone Feat Giuseppe de Luca ,350.0,5A - 124 - Ilan Bluestone Feat Giuseppe de Luca - I Believe (Vintage & Morelli Extended Mix).mp3,5.833333333333333,Min
248,128,Trance,Anjunabeats, Follow Me  (Extended Mix).mp3,1A , Oliver Smith ,369.0,1A - 128 - Oliver Smith - Follow Me  (Extended Mix).mp3,6.15,Min
249,128,Trance,Anjunabeats, Counter Clockwise (Joel Freck Remix).mp3,12A , Sunny Lax & Aneym ,292.0,12A - 128 - Sunny Lax & Aneym - Counter Clockwise (Joel Freck Remix).mp3,4.866666666666666,Min
250,128,Trance,Anjunabeats, Flying By Candlelight (Above & Beyond Extended Club Mix).mp3,2A , Above & Beyond feat Marty Longstaff ,433.0,2A - 128 - Above & Beyond feat Marty Longstaff - Flying By Candlelight (Above & Beyond Extended Club Mix).mp3,7.216666666666667,Min
251,126,Trance,Anjunabeats, Tube Hearts (Original Mix).mp3,11A , Kyau & Albert ,381.0,11A - 126 - Kyau & Albert - Tube Hearts (Original Mix).mp3,6.35,Min
252,128,Trance,Anjunabeats, Perfect Ghost (Myon Extended Club Mix).mp3,5A ,  Myon Feat Alissa Feudo ,414.0,5A - 128 -  Myon Feat Alissa Feudo - Perfect Ghost (Myon Extended Club Mix).mp3,6.9,Min
253,127,Trance,Anjunabeats, Kill Switch (Original Mix).mp3,12A , Genix ,398.0,12A - 127 - Genix - Kill Switch (Original Mix).mp3,6.633333333333334,Min
254,129,Trance,Anjunabeats, 43 + 86 = 129 (Extended Mix).mp3,6A , Ilan Bluestone & Sunny Lax ,422.0,6A - 129 - Ilan Bluestone & Sunny Lax - 43 + 86 = 129 (Extended Mix).mp3,7.033333333333333,Min
255,128,Trance,Anjunabeats, Over You (Extended Mix).mp3,11A , Oliver Smith ,400.0,11A - 128 - Oliver Smith - Over You (Extended Mix).mp3,6.666666666666667,Min
256,130,Trance,Anjunabeats, Let Me Know (Extended Mix).mp3,6A , Ilan Bluestone Feat Giuseppe de Luca ,388.0,6A - 130 - Ilan Bluestone Feat Giuseppe de Luca - Let Me Know (Extended Mix).mp3,6.466666666666667,Min
257,128,Trance,Anjunabeats, You (Myon & Elevven Remix).mp3,7A , Gabriel & Dresden Feat Jan Burton ,416.0,7A - 128 - Gabriel & Dresden Feat Jan Burton - You (Myon & Elevven Remix).mp3,6.933333333333334,Min
258,128,Trance,Anjunabeats, Rocket Science (Original Mix).mp3,8A , Above & Beyond ,392.0,8A - 128 - Above & Beyond - Rocket Science (Original Mix).mp3,6.533333333333333,Min
259,128,Trance,Anjunabeats, Open End Resource (Andrew Bayer In My Next Life Remix).mp3,10A , Andrew Bayer Feat Alison May ,459.0,10A - 128 - Andrew Bayer Feat Alison May - Open End Resource (Andrew Bayer In My Next Life Remix).mp3,7.65,Min
260,128,Trance,Anjunabeats, Rogue (Original Mix).mp3,4A , Genix ,442.0,4A - 128 - Genix - Rogue (Original Mix).mp3,7.366666666666666,Min
261,130,Trance,Anjunabeats, Noa (Extended Mix).mp3,9A , Ilan Bluestone ,435.0,9A - 130 - Ilan Bluestone - Noa (Extended Mix).mp3,7.25,Min
262,129,Trance,Anjunabeats, 43 + 86 = 129 (Sunny Lax Extended 303 Mix) .mp3,6A , Ilan Bluestone & Sunny Lax,400.0,6A - 129 - Ilan Bluestone & Sunny Lax- 43 + 86 = 129 (Sunny Lax Extended 303 Mix) .mp3,6.666666666666667,Min
263,128,Trance,Anjunabeats, Distorted Truth (Extended Mix).mp3,10A , Above & Beyond ,468.0,10A - 128 - Above & Beyond - Distorted Truth (Extended Mix).mp3,7.8,Min
264,127,Trance,Anjunabeats, Mama Africa (Extended Mix).mp3,2A ,  Ilan Bluestone feat EL Waves ,438.0,2A - 127 -  Ilan Bluestone feat EL Waves - Mama Africa (Extended Mix).mp3,7.3,Min
265,127,Trance,Anjunabeats, Everybody (Extended Mix).mp3,1A ,  Ilan Bluestone & Maor Levi ,409.0,1A - 127 -  Ilan Bluestone & Maor Levi - Everybody (Extended Mix).mp3,6.816666666666666,Min
266,130,Trance,Anjunabeats, Frozen Ground (Cosmic Gate Remix).mp3,12A , Ilan Bluestone  Feat Giuseppe De Luca ,460.0,12A - 130 - Ilan Bluestone  Feat Giuseppe De Luca - Frozen Ground (Cosmic Gate Remix).mp3,7.666666666666667,Min
267,128,Trance,Anjunabeats, I Don't Wanna (Original Mix).mp3,4A , Genix ,357.0,4A - 128 - Genix - I Don't Wanna (Original Mix).mp3,5.95,Min
268,128,Trance,Anjunabeats, Adapt or Die (Original Mix).mp3,9A , Sunny Lax ,367.0,9A - 128 - Sunny Lax - Adapt or Die (Original Mix).mp3,6.116666666666666,Min
269,128,Trance,Anjunabeats, Inside (Extended Mix).mp3,3A , Oliver Smith ,463.0,3A - 128 - Oliver Smith - Inside (Extended Mix).mp3,7.716666666666667,Min
270,131,Trance,Anjunabeats, Rival (Shadowlark Remix).mp3,8A , Ilan Bluestone Feat Ellen Smith ,249.0,8A - 131 - Ilan Bluestone Feat Ellen Smith - Rival (Shadowlark Remix).mp3,4.15,Min
271,128,Trance,Anjunabeats, Counter Clockwise (Original Mix).mp3,12A , Sunny Lax & Aneym ,393.0,12A - 128 - Sunny Lax & Aneym - Counter Clockwise (Original Mix).mp3,6.55,Min
272,128,Trance,Anjunabeats, Red Rocks (Extended Mix).mp3,8A , Above & Beyond ,466.0,8A - 128 - Above & Beyond - Red Rocks (Extended Mix).mp3,7.766666666666667,Min
